Company,Date,Time,Location,Industry,Round,Amount ($M),Lead Investor,Other Investors,Description
Homeward,2026-10-01,,© 2024 Massinvestor,Other,,,Saluda Grade,,Inc.
Biotia Nabs Oversubscribed $9M Financing Round,2026-10-01,,© 2024 Massinvestor,Other,Financing,9.0,,,Inc.
Armadin,2026-10-01,,© 2024 Massinvestor,Other,Series B,255.5,Andreessen Horowitz (a16z) and Accel that brings the company's valuation to over $2,new investors Bain Capital Ventures (BCV) and Redpoint,Inc.
Parakeet Health Raises $10M Series A Round,2026-10-01,,© 2024 Massinvestor,AI,Series A,10.0,Canvas Ventures,Blank Space Ventures,Inc.
AlgoX2 Obtains $10M Seed Extension Funding,2026-09-30,,© 2024 Massinvestor,AI,,,Bessemer Venture Partners and Fin Capital,,Inc.
Quotr Banks $4M seed funding,2026-09-30,,© 2024 Massinvestor,Other,,,Llama Ventures with participation from strategic angel investors,strategic angel investors,Inc.
Kanu,2026-09-30,,© 2024 Massinvestor,Other,,,Trilogy Equity Partners,a16z speedrun,Inc.
CScale Exits Stealth With $145 Million in Series C,2026-09-30,,© 2024 Massinvestor,Other,,,Atreides Management,,Inc.
Tangent Robotics,2026-09-30,,© 2024 Massinvestor,Robotics,,,Fly Ventures and Toyota Ventures,Logos Fund and Sparked Ventures,Inc.
Tangent Robotics,2026-09-30,,© 2024 Massinvestor,Robotics,,,Fly Ventures and Toyota Ventures,Logos Fund and Sparked Ventures,Inc.
OuterSignal,2026-09-30,,© 2024 Massinvestor,Other,,,Long Journey Ventures and Abstract Ventures,BAM Ventures,Inc.
Beltic,2026-09-30,,© 2024 Massinvestor,Other,,,Norwest,Restive Ventures,Inc.
Metaview Raises $60M Series C,2026-09-30,,© 2024 Massinvestor,AI,,,Insight Partners,GV,Inc.
Fortem Technologies,2026-09-30,,© 2024 Massinvestor,Other,,,Lockheed Martin,Unusual Machines and other strategic and institutional investors,Inc.
Flow Engineering,2026-09-30,,© 2024 Massinvestor,Other,,,Antonio Gracias,,Inc.
Ascerta,2026-09-30,,© 2024 Massinvestor,Other,,,Dell Technologies Capital,Hitachi Ventures,Inc.
R1 Therapeutics,2026-09-30,,© 2024 Massinvestor,Other,,,,,Inc.
Atomic,2026-09-29,,© 2024 Massinvestor,Other,,,Klass Capital and Madrona,,Inc.
Efficient Computer,2026-09-29,,© 2024 Massinvestor,Other,,,TQ Ventures,Eclipse,Inc.
Jeeves Raises $110M Funding Round,2026-09-29,,© 2024 Massinvestor,AI,Funding,110.0,CoinFund,AllianceBernstein,Inc.
Kahua Nabs Strategic Growth Round,2026-09-29,,© 2024 Massinvestor,Other,,,,,Inc.
Cyera,2026-09-28,,© 2024 Massinvestor,Other,,,Evolution Equity,,Inc.
RiskScout,2026-09-28,,© 2024 Massinvestor,Other,,,LiveOak Ventures,Castle Creek Launchpad,Inc.
Presto Raises $10M,2026-09-28,,© 2024 Massinvestor,AI,,,,,Inc.
F2,2026-09-28,,© 2024 Massinvestor,Other,,,,,Inc.
Mona,2026-09-28,,© 2024 Massinvestor,Other,,,Sandberg Bernthal Venture Partners,Alumni Ventures,Inc.
Outmarket AI Raises $34.5M Series B,2026-09-28,,© 2024 Massinvestor,AI,,,SignalFire,Fika Ventures,Inc.
Instinct Raises $1B in Series C,2026-09-28,,© 2024 Massinvestor,AI,,,,,Inc.
Complete Production Resources,2026-09-28,,© 2024 Massinvestor,Other,,,,,Inc.
SiMa.ai,2026-09-28,,© 2024 Massinvestor,AI,,,Fidelity Management & Research Company and Amplify,Alter Venture Partners,Inc.
